{
  "win_rate": 1.0,
  "latency_mean_ms": 0.18373673912719823,
  "latency_p99_ms": 0.22691597565426483
}