{
  "win_rate": 1.0,
  "latency_mean_ms": 0.17962945988983847,
  "latency_p99_ms": 0.21919466060353437
}