{
  "win_rate": 1.0,
  "latency_mean_ms": 0.38574489997699857,
  "latency_p99_ms": 1.1487744299665792
}