{
  "win_rate": 0.0,
  "suppressed_fraction": 0.0,
  "best_win_rate": 0.0,
  "best_suppressed_fraction": 0.29,
  "latency_mean_ms": 0.20396365944179706,
  "latency_p99_ms": 0.24040407930442595
}