{
  "win_rate": 0.0,
  "suppressed_fraction": 0.0,
  "best_win_rate": 0.0,
  "best_suppressed_fraction": 0.365,
  "latency_mean_ms": 0.12965350004378706,
  "latency_p99_ms": 0.1704114400490652
}