{
  "win_rate": 1.0,
  "suppressed_fraction": 0.97,
  "best_win_rate": 1.0,
  "best_suppressed_fraction": 1.0,
  "latency_mean_ms": 0.18302244046935812,
  "latency_p99_ms": 0.38856544924783515
}