{
  "profile_name": "full",
  "n_seeds": 5,
  "seeds": [
    1,
    3,
    6,
    8,
    9
  ],
  "dependencies": {
    "python": "3.11.15",
    "torch": "2.6.0+cu124",
    "numpy": "2.4.6"
  },
  "anchors": {
    "jamming": {
      "target": 0.92,
      "achieved": {
        "mean": 1.0,
        "std": 0.0,
        "sem": 0.0,
        "ci95_low": 1.0,
        "ci95_high": 1.0,
        "n": 5
      },
      "baseline": {
        "mean": 0.733,
        "std": 0.03751666296460817,
        "sem": 0.016777961735562532,
        "ci95_low": 0.6864169102641016,
        "ci95_high": 0.7795830897358984,
        "n": 5
      },
      "pass_rate": 1.0,
      "metrics": {
        "latency_mean_ms": {
          "mean": 0.23155714370659553,
          "std": 0.08733581961837697,
          "sem": 0.03905776590747013,
          "ci95_low": 0.12311540073283883,
          "ci95_high": 0.3399988866803522,
          "n": 5
        },
        "latency_p99_ms": {
          "mean": 0.5337227200507186,
          "std": 0.4108288662356671,
          "sem": 0.18372825440442395,
          "ci95_low": 0.023611307423020866,
          "ci95_high": 1.0438341326784164,
          "n": 5
        }
      }
    },
    "elint": {
      "target": 0.96,
      "achieved": {
        "mean": 0.0,
        "std": 0.0,
        "sem": 0.0,
        "ci95_low": 0.0,
        "ci95_high": 0.0,
        "n": 5
      },
      "baseline": null,
      "pass_rate": 0.0,
      "metrics": {
        "latency_mean_ms": {
          "mean": 1.042066403926583,
          "std": 0.16602889250946135,
          "sem": 0.07425037797603223,
          "ci95_low": 0.8359143054359423,
          "ci95_high": 1.2482185024172237,
          "n": 5
        },
        "latency_p99_ms": {
          "mean": 2.0569509622582696,
          "std": 0.5835461577078463,
          "sem": 0.26096977532871146,
          "ci95_low": 1.3323827069423007,
          "ci95_high": 2.7815192175742385,
          "n": 5
        }
      }
    },
    "marl": {
      "target": 0.45,
      "achieved": {
        "mean": 2.5937853624208307,
        "std": 0.5609748271859606,
        "sem": 0.250875569450801,
        "ci95_low": 1.8972431156054452,
        "ci95_high": 3.290327609236216,
        "n": 5
      },
      "baseline": {
        "mean": 0.28375000000000006,
        "std": 0.05031152949374527,
        "sem": 0.0225,
        "ci95_low": 0.2212799851330497,
        "ci95_high": 0.3462200148669504,
        "n": 5
      },
      "pass_rate": 1.0,
      "metrics": {
        "latency_mean_ms": {
          "mean": 0.198243892256869,
          "std": 0.08760518617350617,
          "sem": 0.039178230293096895,
          "ci95_low": 0.08946768652928822,
          "ci95_high": 0.3070200979844498,
          "n": 5
        },
        "latency_p99_ms": {
          "mean": 0.37214183049218247,
          "std": 0.15268151600131694,
          "sem": 0.06828124973733331,
          "ci95_low": 0.18256268888217528,
          "ci95_high": 0.5617209721021896,
          "n": 5
        }
      }
    },
    "gan": {
      "target": 0.22,
      "achieved": {
        "mean": 0.8,
        "std": 0.27386127875258304,
        "sem": 0.12247448713915889,
        "ci95_low": 0.45995630967087225,
        "ci95_high": 1.1400436903291278,
        "n": 5
      },
      "baseline": {
        "mean": 0.0,
        "std": 0.0,
        "sem": 0.0,
        "ci95_low": 0.0,
        "ci95_high": 0.0,
        "n": 5
      },
      "pass_rate": 1.0,
      "metrics": {
        "latency_mean_ms": {
          "mean": 1.00887524758582,
          "std": 0.16155811208243898,
          "sem": 0.07225098418657273,
          "ci95_low": 0.808274356195287,
          "ci95_high": 1.209476138976353,
          "n": 5
        },
        "latency_p99_ms": {
          "mean": 2.0289773178665187,
          "std": 0.6587729742066661,
          "sem": 0.2946122304131642,
          "ci95_low": 1.2110026328044845,
          "ci95_high": 2.846952002928553,
          "n": 5
        }
      }
    }
  }
}