{
  "win_rate": 1.0,
  "latency_mean_ms": 0.21598211998934858,
  "latency_p99_ms": 0.7646303819637976
}