{
  "win_rate": 1.0,
  "suppressed_fraction": 1.0,
  "best_win_rate": 1.0,
  "best_suppressed_fraction": 1.0,
  "latency_mean_ms": 0.35189807997085154,
  "latency_p99_ms": 0.6109254402690563
}