{
  "win_rate": 1.0,
  "latency_mean_ms": 0.19269249954959378,
  "latency_p99_ms": 0.3090981520654167
}