{
  "continuous_in_range_frac": 1.0,
  "categorical_onehot_frac": 1.0,
  "wasserstein1_per_feature": [
    0.04078673323037804,
    0.02264710938307239,
    0.005708236000249267,
    0.24490841927404816,
    0.009438263559858448
  ],
  "wasserstein1_mean": 0.06469775228952127,
  "categorical_tv_distance": 0.08074187227231555,
  "mean_intersample_std": 0.25440987944602966,
  "n_distinct_categorical_patterns": 2286.0,
  "n_types": 92,
  "coverage": 1.0,
  "n_windows": 230000
}